name,type,typecode,address,cityname,adname,longitude,latitude,location,tel,pname,id
瑞幸咖啡,餐饮服务;餐饮相关场所;餐饮相关,050000,文园路68号之107号,厦门市,思明区,118.100589,24.461478,"118.100589,24.461478",4000100100,福建省,B0L6HP961O
luckin coffee 瑞幸咖啡(禾祥首府店),餐饮服务;餐饮相关场所;餐饮相关,050000,湖滨西路72-10-106号,厦门市,思明区,118.079196,24.463337,"118.079196,24.463337",4000100100,福建省,B0L6KZOYQO
瑞幸咖啡(长青路店),餐饮服务;咖啡厅;咖啡厅,050500,长青路115号之9-10沿街商铺,厦门市,思明区,118.123268,24.486330,"118.123268,24.486330",4000100100,福建省,B0LG2HE4UO
瑞幸咖啡(江头西路店),餐饮服务;咖啡厅;咖啡厅,050500,江头西路江宁里(吕厝地铁站8号口步行360米),厦门市,湖里区,118.130631,24.492718,"118.130631,24.492718",4000100100,福建省,B0KRGZQ8BS
瑞幸咖啡(港航大厦店),餐饮服务;咖啡厅;咖啡厅,050500,东港北路29号港航大厦一层大堂,厦门市,湖里区,118.076795,24.483833,"118.076795,24.483833",4000100100,福建省,B0FFM49OS7
瑞幸咖啡(厦门地铁大厦店),餐饮服务;咖啡厅;咖啡厅,050500,湖滨中路86-88号厦门地铁大厦,厦门市,思明区,118.101826,24.471233,"118.101826,24.471233",4000100100,福建省,B0KRTNSRWE
瑞幸咖啡(银行中心店),餐饮服务;咖啡厅;咖啡厅,050500,厦禾路189号银行中心一层,厦门市,思明区,118.078934,24.460310,"118.078934,24.460310",4000100100,福建省,B0GD3K1YNH
瑞幸咖啡(厦门东方时代广场店),餐饮服务;咖啡厅;咖啡厅,050500,鹭江街道湖滨西路10号东方时代广场一层106号,厦门市,思明区,118.079520,24.461439,"118.079520,24.461439",4000100100,福建省,B0KU4MZMB0
瑞幸咖啡(厦门五一广场店),餐饮服务;咖啡厅;咖啡厅,050500,体育路95号文化艺术中心工人体育馆负一层50014-1145号铺,厦门市,思明区,118.111014,24.489818,"118.111014,24.489818",4000100100,福建省,B0I3TLIJ4V
瑞幸咖啡(中山路旗舰店),餐饮服务;餐饮相关场所;餐饮相关,050000,中山路36-48号,厦门市,思明区,118.076571,24.453428,"118.076571,24.453428",[],福建省,B0L627SIT6
瑞幸咖啡(中华城店),餐饮服务;咖啡厅;咖啡厅,050500,思明南路127号中华城北区一层30号铺,厦门市,思明区,118.081980,24.453183,"118.081980,24.453183",4000100100,福建省,B0IG9S9MEW
瑞幸咖啡(斗西路美食街店),餐饮服务;餐饮相关场所;餐饮相关,050000,禾祥西路41-101号,厦门市,思明区,118.085692,24.464771,"118.085692,24.464771",4000100100,福建省,B0K35M6JM5
luckin coffee 瑞幸咖啡(厦门筼筜天虹购物中心店),餐饮服务;休闲餐饮场所;休闲餐饮场所,050400,莲岳路221号天虹购物中心厦门筼筜店,厦门市,思明区,118.114249,24.491699,"118.114249,24.491699",4000100100,福建省,B0KK7AAFWY
瑞幸咖啡(海上世界购物中心店),餐饮服务;咖啡厅;咖啡厅,050500,远航路77号厦门海上世界3层L311室,厦门市,湖里区,118.076646,24.490895,"118.076646,24.490895",4000100100,福建省,B0I36C6K31
瑞幸咖啡(莲花路口店),餐饮服务;咖啡厅;咖啡厅,050500,嘉禾路211号109单元底商(莲花路口地铁站1B口旁)苏宁,厦门市,思明区,118.122125,24.483375,"118.122125,24.483375",4000100100,福建省,B0I0PNYE3G
瑞幸咖啡(江头江华路店),餐饮服务;休闲餐饮场所;休闲餐饮场所,050400,江头街道江华路56-11号,厦门市,湖里区,118.128349,24.497101,"118.128349,24.497101",4000100100,福建省,B0MBDAFSM6
luckin coffee 瑞幸咖啡(建发花园店),餐饮服务;咖啡厅;咖啡厅,050500,东浦路东浦一里117-6号,厦门市,思明区,118.126150,24.472032,"118.126150,24.472032",4000100100,福建省,B0L1FYVMKH
瑞幸咖啡(禾祥东路万象城店),餐饮服务;餐饮相关场所;餐饮相关,050000,金榜路100-18号底商,厦门市,思明区,118.109982,24.470882,"118.109982,24.470882",4000100100,福建省,B0FFK9RU7O
瑞幸咖啡(厦门中山路步行街店),餐饮服务;咖啡厅;咖啡厅,050500,中山路步行街185号,厦门市,思明区,118.081087,24.454110,"118.081087,24.454110",4000100100,福建省,B0I0ZH9T0B
瑞幸咖啡,餐饮服务;咖啡厅;咖啡厅,050500,五通西路与金五路交叉口西80米,厦门市,湖里区,118.190775,24.503225,"118.190775,24.503225",[],福建省,B0MAHLMY7C
瑞幸咖啡(厦门中心店),餐饮服务;咖啡厅;咖啡厅,050500,海沧大道569号厦门中心F座F1层,厦门市,海沧区,118.039475,24.474846,"118.039475,24.474846",4000100100,福建省,B0I2CK6XF7
瑞幸咖啡(莲花路口店),餐饮服务;咖啡厅;咖啡厅,050500,嘉禾路211号109单元底商(莲花路口地铁站1B口旁),厦门市,思明区,118.122123,24.483366,"118.122123,24.483366",4000100100,福建省,B0FFJFLVEL
瑞幸咖啡(文灶宝龙天地店),餐饮服务;咖啡厅;咖啡厅,050500,湖滨中路88-101号(文灶地铁站6号口步行140米),厦门市,思明区,118.102542,24.469642,"118.102542,24.469642",4000100100,福建省,B0K6NB4AQM
瑞幸咖啡(厦门创新创业园店),餐饮服务;咖啡厅;咖啡厅,050500,火炬高新园火炬东路11号创新创业园伟业楼南楼一层大堂,厦门市,湖里区,118.131503,24.517906,"118.131503,24.517906",4000100100,福建省,B0FFJGHB9D
luckin coffee 瑞幸咖啡(合立道大厦店),餐饮服务;休闲餐饮场所;休闲餐饮场所,050400,岭下西路1-3号合立道大厦,厦门市,湖里区,118.157669,24.527651,"118.157669,24.527651",4000100100,福建省,B0LUGAE73J
瑞幸咖啡(金山小区店),餐饮服务;休闲餐饮场所;休闲餐饮场所,050400,金山西里121-15-102号,厦门市,湖里区,118.156875,24.503575,"118.156875,24.503575",4000100100,福建省,B0MBDSFU09
瑞幸咖啡(七星大厦店),餐饮服务;咖啡厅;咖啡厅,050500,七星西路178号七星大厦一层大堂,厦门市,思明区,118.096575,24.488405,"118.096575,24.488405",4000100100,福建省,B0KGKZWGHB
瑞幸咖啡(厦门欢乐颂购物中心店),餐饮服务;咖啡厅;咖啡厅,050500,七星西路3号思明万象里L1层L114(东2门附近),厦门市,思明区,118.095873,24.486400,"118.095873,24.486400",4000100100,福建省,B0FFKSIJFW
瑞幸咖啡(自贸金融中心店),餐饮服务;咖啡厅;咖啡厅,050500,屿南四路1-9号自贸金融中心B座一层101号,厦门市,湖里区,118.090575,24.514101,"118.090575,24.514101",4000100100,福建省,B0FFJ93FZQ
luckin coffee 瑞幸咖啡(新景华府店),餐饮服务;休闲餐饮场所;休闲餐饮场所,050400,双浦东里20-30号新景华府1期,厦门市,湖里区,118.140934,24.495414,"118.140934,24.495414",4000100100,福建省,B0LANKLDEG
瑞幸咖啡,餐饮服务;休闲餐饮场所;休闲餐饮场所,050400,小学路与锦里中路交叉口东40米,厦门市,海沧区,117.994832,24.467512,"117.994832,24.467512",4000100100,福建省,B0L10ODUFI
瑞幸咖啡(浦南壹里店),餐饮服务;咖啡厅;咖啡厅,050500,浦南二路13-1-120号底商,厦门市,思明区,118.130346,24.473208,"118.130346,24.473208",4000100100,福建省,B0JRVBL40N
瑞幸咖啡(深田国际大厦店),餐饮服务;餐饮相关场所;餐饮相关,050000,深田路46号深田国际大厦一层大堂,厦门市,思明区,118.092110,24.458586,"118.092110,24.458586",4000100100,福建省,B0FFJAVJEI
luckin coffee 瑞幸咖啡(古城东路店),餐饮服务;咖啡厅;咖啡厅,050500,古城东路与中山路交叉口东南20米,厦门市,思明区,118.084597,24.454928,"118.084597,24.454928",4000100100,福建省,B0L0SAJBZI
瑞幸咖啡(鹭港万达广场店),餐饮服务;咖啡厅;咖啡厅,050500,长浩东路29号鹭港万达室内步行街1号门侧一层1096号铺,厦门市,湖里区,118.109168,24.521591,"118.109168,24.521591",4000100100,福建省,B0IK27M05U
瑞幸咖啡(莲坂外图店),餐饮服务;咖啡厅;咖啡厅,050500,美迪斯小区西门旁(莲坂地铁站3号口步行70米),厦门市,思明区,118.117947,24.476409,"118.117947,24.476409",4000100100,福建省,B0JKRMS92N
瑞幸咖啡(厦门财富中心店),餐饮服务;咖啡厅;咖啡厅,050500,鹭江道100号厦门财富中心一层大堂,厦门市,思明区,118.072934,24.457930,"118.072934,24.457930",4000100100,福建省,B0FFJ1UVI7
瑞幸咖啡(镇海路店),餐饮服务;餐饮相关场所;餐饮相关,050000,思明南路181号一楼,厦门市,思明区,118.082899,24.451422,"118.082899,24.451422",4000100100,福建省,B0GD3N13TJ
瑞幸咖啡(海投大厦店),餐饮服务;咖啡厅;咖啡厅,050500,钟林路12号海投大厦一层105号铺,厦门市,海沧区,118.028979,24.486482,"118.028979,24.486482",4000100100,福建省,B0I1R1C147
瑞幸咖啡(正元新都汇店),餐饮服务;餐饮相关场所;餐饮相关,050000,滨湖一里208号正元新都汇一层103号,厦门市,海沧区,118.031698,24.476728,"118.031698,24.476728",4000100100,福建省,B0J30L9AFZ
瑞幸咖啡(官任国际社区店),餐饮服务;咖啡厅;咖啡厅,050500,官任路38号夏商民兴超市底商,厦门市,思明区,118.086398,24.477396,"118.086398,24.477396",4000100100,福建省,B0FFKVYX80
瑞幸咖啡(豪利思城店),餐饮服务;咖啡厅;咖啡厅,050500,悦华路151号2号办公楼一层17-1号,厦门市,湖里区,118.113228,24.515174,"118.113228,24.515174",4000100100,福建省,B0JULZCUQW
瑞幸咖啡(宏泰中心店),餐饮服务;餐饮相关场所;餐饮相关,050000,湖滨东路309号宏泰中心大堂二层,厦门市,思明区,118.104375,24.485825,"118.104375,24.485825",4000100100,福建省,B0FFJO5IAB
瑞幸咖啡(华夏大酒店店),餐饮服务;咖啡厅;咖啡厅,050500,厦禾路935-939号华夏大酒店一层大堂,厦门市,思明区,118.117065,24.471200,"118.117065,24.471200",4000100100,福建省,B0GD3G2744
瑞幸咖啡(厦门轮渡店),餐饮服务;咖啡厅;咖啡厅,050500,开元路2-2号轮渡公交场站候车厅一层,厦门市,思明区,118.073644,24.456145,"118.073644,24.456145",4000100100,福建省,B0GD3Y2UPK
瑞幸咖啡(厦门禹洲广场店),餐饮服务;咖啡厅;咖啡厅,050500,湖滨南路55号禹州广场一层大堂,厦门市,思明区,118.085694,24.468680,"118.085694,24.468680",4000100100,福建省,B0FFLDDXLI
瑞幸咖啡(皇达大厦店),餐饮服务;咖啡厅;咖啡厅,050500,梧村街道后埭溪路皇达大厦304号底商,厦门市,思明区,118.106032,24.472052,"118.106032,24.472052",4000100100,福建省,B0K6CL5D01
瑞幸咖啡(亿力大厦店),餐饮服务;餐饮相关场所;餐饮相关,050000,湖滨西路9号亿力大厦一层大堂,厦门市,思明区,118.078822,24.461814,"118.078822,24.461814",4000100100,福建省,B0FFJI2XTS
瑞幸咖啡(松柏屿后路北里店),餐饮服务;休闲餐饮场所;休闲餐饮场所,050400,屿后路216-1号,厦门市,思明区,118.118878,24.493761,"118.118878,24.493761",4000100100,福建省,B0MBDHG2OO
luckin coffee 瑞幸咖啡(聚祥广场店),餐饮服务;咖啡厅;咖啡厅,050500,开元街道禾祥西路609号聚祥广场201单元,厦门市,思明区,118.097218,24.468199,"118.097218,24.468199",[],福建省,B0LUCGTSXU
瑞幸咖啡(新景中心店),餐饮服务;餐饮相关场所;餐饮相关,050000,嘉禾路21号新景中心A栋一层109室,厦门市,思明区,118.120409,24.479885,"118.120409,24.479885",4000100100,福建省,B0FFJ2I4UJ
瑞幸咖啡(海翼大厦店),餐饮服务;咖啡厅;咖啡厅,050500,厦禾路666海翼大厦A座F1层,厦门市,思明区,118.094595,24.463122,"118.094595,24.463122",4000100100,福建省,B0J10S9S3W
瑞幸咖啡(厦门口岸联检中心店),餐饮服务;咖啡厅;咖啡厅,050500,国际航运C栋1层05单元,厦门市,湖里区,118.092325,24.512475,"118.092325,24.512475",4000100100,福建省,B0K19ANDB3
luckin coffee 瑞幸咖啡(宁宝花园店),餐饮服务;咖啡厅;咖啡厅,050500,文达路15号之37号,厦门市,集美区,118.057273,24.564825,"118.057273,24.564825",4000100100,福建省,B0L2OCWTAF
luckin coffee 瑞幸咖啡(东渡商检站店),餐饮服务;咖啡厅;咖啡厅,050500,金鼎里1号都市港湾,厦门市,湖里区,118.081080,24.487263,"118.081080,24.487263",[],福建省,B0MGR7KVHJ
瑞幸咖啡(厦大学生公寓店),餐饮服务;餐饮相关场所;餐饮相关,050000,曾厝埯北二路105号厦大学生公寓8号楼一层115号,厦门市,思明区,118.116729,24.438155,"118.116729,24.438155",4000100100,福建省,B0FFKSED71
瑞幸咖啡(沙坡尾店),餐饮服务;咖啡厅;咖啡厅,050500,大学路58号一层底商,厦门市,思明区,118.087530,24.439729,"118.087530,24.439729",4000100100,福建省,B0I06SUAOI
瑞幸咖啡(厦门禹悦汇店),餐饮服务;咖啡厅;咖啡厅,050500,厦禾路888号禹洲世贸商城A区底商,厦门市,思明区,118.113966,24.468205,"118.113966,24.468205",4000100100,福建省,B0IKU7DCA4
瑞幸咖啡(厦门悦享中心店),餐饮服务;咖啡厅;咖啡厅,050500,松岳路6号悦享中心A塔一层大堂,厦门市,思明区,118.113285,24.494174,"118.113285,24.494174",4000100100,福建省,B0FFKQR8XK
瑞幸咖啡(厦门双子塔大师店),餐饮服务;咖啡厅;咖啡厅,050500,演武西路183号世茂双子塔沿街底商106号,厦门市,思明区,118.089082,24.436177,"118.089082,24.436177",4000100100,福建省,B0KR0XO22E
瑞幸咖啡(新景中心店),餐饮服务;咖啡厅;咖啡厅|餐饮服务;休闲餐饮场所;休闲餐饮场所,050500|050400,仙岳路680号之36号,厦门市,湖里区,118.127775,24.498025,"118.127775,24.498025",4000100100,福建省,B0L1RLB488
瑞幸咖啡(厦门水仙路店),餐饮服务;咖啡厅;咖啡厅,050500,水仙路26号底商,厦门市,思明区,118.076475,24.452525,"118.076475,24.452525",4000100100,福建省,B0JUAAX0NA
瑞幸咖啡(鼓浪屿三友百货店),餐饮服务;咖啡厅;咖啡厅,050500,鼓浪屿三友假日旅游城二层鼓里项目空间101号铺,厦门市,思明区,118.072354,24.445178,"118.072354,24.445178",4000100100,福建省,B0GRJ1U14P
瑞幸咖啡,餐饮服务;休闲餐饮场所;休闲餐饮场所,050400,下土楼路与崎头东路交叉口西北60米,厦门市,海沧区,117.924260,24.551802,"117.924260,24.551802",4000100100,福建省,B0KKBXV47A
luckin coffee 瑞幸咖啡(医学院校外学生街店),餐饮服务;餐饮相关场所;餐饮相关,050000,安东路99号130号,厦门市,集美区,118.003620,24.610296,"118.003620,24.610296",4000100100,福建省,B0LU1SDCIN
瑞幸咖啡(嘉禾新天地店),餐饮服务;休闲餐饮场所;休闲餐饮场所,050400,殿前街道火炬路1号嘉禾新天地B1层,厦门市,湖里区,118.119125,24.513075,"118.119125,24.513075",4000100100,福建省,B0LRMYXXBE
瑞幸咖啡(海峡设计文创园店),餐饮服务;餐饮相关场所;餐饮相关,050000,湖里大道14号海峡设计文创园一层210号,厦门市,湖里区,118.096648,24.509662,"118.096648,24.509662",4000100100,福建省,B0JDNR67K5
瑞幸咖啡(厦禾路金榜公园站店),餐饮服务;咖啡厅;咖啡厅,050500,厦禾路869-871号华鑫·明都,厦门市,思明区,118.108407,24.467463,"118.108407,24.467463",4000100100,福建省,B0KGUDIPR4
瑞幸咖啡(厦门第一广场店),餐饮服务;咖啡厅;咖啡厅,050500,鹭江道2号第一广场一层大堂,厦门市,思明区,118.080362,24.449216,"118.080362,24.449216",4000100100,福建省,B0FFKS7Z9K
瑞幸咖啡(京华大酒店店),餐饮服务;餐饮相关场所;餐饮相关,050000,厦禾路1130-1-2号京华大酒店底商,厦门市,思明区,118.120344,24.474072,"118.120344,24.474072",4000100100,福建省,B0HU19DKGW
瑞幸咖啡(海沧天虹商场店),餐饮服务;咖啡厅;咖啡厅,050500,沧林东路274海沧天虹商场F1层,厦门市,海沧区,118.048075,24.492116,"118.048075,24.492116",4000100100,福建省,B0KAHAS054
luckin coffee 瑞幸咖啡(岳鹭广场店),餐饮服务;咖啡厅;咖啡厅,050500,湖滨东路147号3楼瑞幸咖啡,厦门市,思明区,118.103375,24.487568,"118.103375,24.487568",16621516598,福建省,B0L3PSGGMC
luckin coffee 瑞幸咖啡(金桥苑店),餐饮服务;休闲餐饮场所;休闲餐饮场所,050400,建港路2001-2145金桥苑,厦门市,海沧区,118.038358,24.452429,"118.038358,24.452429",4000100100,福建省,B0LR5UB2VD
瑞幸咖啡(二轻大厦店),餐饮服务;餐饮相关场所;餐饮相关,050000,梧村街道湖滨南路334号二轻大厦一层大堂,厦门市,思明区,118.117975,24.475075,"118.117975,24.475075",4000100100,福建省,B0FFKSIXU6
瑞幸咖啡(联发华美空间店),餐饮服务;咖啡厅;咖啡厅,050500,华昌路132号联发华美空间底商,厦门市,湖里区,118.100088,24.513546,"118.100088,24.513546",4000100100,福建省,B0JR368UPM
瑞幸咖啡(海沧乐海绿苑店),餐饮服务;餐饮相关场所;餐饮相关,050000,海沧区沧湖东一里282号乐海(绿苑店)2F层,厦门市,海沧区,118.048825,24.488725,"118.048825,24.488725",4000100100,福建省,B0FFMCRC1T
瑞幸咖啡(嘉园大厦店),餐饮服务;咖啡厅;咖啡厅,050500,护安路41号一层102号,厦门市,湖里区,118.156531,24.525739,"118.156531,24.525739",4000100100,福建省,B0JB9CVHJ6
瑞幸咖啡(海西金融广场店),餐饮服务;咖啡厅;咖啡厅,050500,东黄路213-219号海西金融广场B栋一层大堂,厦门市,湖里区,118.182310,24.508765,"118.182310,24.508765",4000100100,福建省,B0FFKNMVKJ
瑞幸咖啡(万科云玺店),餐饮服务;咖啡厅;咖啡厅,050500,金山街道高林中路535号万科云玺1号楼一层,厦门市,湖里区,118.186566,24.508684,"118.186566,24.508684",4000100100,福建省,B0GD3B39G3
瑞幸咖啡(同亨大厦店),餐饮服务;咖啡厅;咖啡厅,050500,吕岭路10号1005单元,厦门市,思明区,118.129509,24.489786,"118.129509,24.489786",4000100100,福建省,B0K6U7WELV
瑞幸咖啡(厦门SM一期城市广场店),餐饮服务;咖啡厅;咖啡厅,050500,江头街道嘉禾路468号SM城市广场一期四层中庭,厦门市,湖里区,118.127214,24.501016,"118.127214,24.501016",4000100100,福建省,B0H0BX51HA
瑞幸咖啡(瑞幸咖啡中山路旗舰店),餐饮服务;咖啡厅;咖啡厅,050500,中山路32-38底商,厦门市,思明区,118.075070,24.453230,"118.075070,24.453230",4000100100,福建省,B0KKKHQPCD
瑞幸咖啡(厦门才子汇店),餐饮服务;咖啡厅;咖啡厅,050500,前埔路188号才子汇F1层,厦门市,思明区,118.172875,24.478498,"118.172875,24.478498",4000100100,福建省,B0L0SGHYUU
瑞幸咖啡(厦门国际金融中心店),餐饮服务;餐饮相关场所;餐饮相关,050000,展鸿路82号国际金融中心二层,厦门市,思明区,118.190743,24.474874,"118.190743,24.474874",4000100100,福建省,B0H1755JLW
luckin coffee 瑞幸咖啡(富山名士园店),餐饮服务;咖啡厅;咖啡厅,050500,湖明路12-16号富山名士园,厦门市,思明区,118.118006,24.477836,"118.118006,24.477836",[],福建省,B0LGJ1N9D3
瑞幸咖啡(中闽百汇梧村店),餐饮服务;咖啡厅;咖啡厅|公司企业;公司企业;公司企业,050500|170000,中闽百汇商场负一楼 2A-19,厦门市,思明区,118.114914,24.469682,"118.114914,24.469682",4000100100,福建省,B0J3SA0OWO
瑞幸咖啡(启达时尚大厦店),餐饮服务;咖啡厅;咖啡厅,050500,嘉莲街道龙山中路启达时尚大厦一层101号铺,厦门市,思明区,118.139679,24.482812,"118.139679,24.482812",4000100100,福建省,B0FFL4IYEZ
瑞幸咖啡(五缘湾地铁站店),餐饮服务;休闲餐饮场所;休闲餐饮场所,050400,环岛干道4772-8号轨道交通3号线五缘湾站E008号,厦门市,湖里区,118.166688,24.531952,"118.166688,24.531952",4000100100,福建省,B0MBDHGI9I
瑞幸咖啡(后埔发展中心店),餐饮服务;咖啡厅;咖啡厅,050500,仙岳路1886号后埔发展中心二期,厦门市,湖里区,118.144331,24.497363,"118.144331,24.497363",4000100100,福建省,B0JKSU2LJ5
luckin coffee 瑞幸咖啡(军梦双拥双创科技园店),餐饮服务;餐饮相关场所;餐饮相关,050000,枋湖路7号,厦门市,湖里区,118.139480,24.513891,"118.139480,24.513891",4000100100,福建省,B0LU3591F2
瑞幸咖啡(厦门SM新生活广场店),餐饮服务;咖啡厅;咖啡厅,050500,嘉禾路407号蓝宝石5楼,厦门市,思明区,118.125174,24.499354,"118.125174,24.499354",4000100100,福建省,B0FFKQXQZ6
瑞幸咖啡(航空商务广场店),餐饮服务;餐饮相关场所;餐饮相关,050000,高崎南五路222号之3航空商务广场2号楼一层109号,厦门市,湖里区,118.141903,24.536444,"118.141903,24.536444",4000100100,福建省,B0FFK6B2DB
luckin coffee 瑞幸咖啡(石亭小区店),餐饮服务;咖啡厅;咖啡厅,050500,湖滨北路109-2-1号(湖滨中路地铁站1号口步行60米),厦门市,思明区,118.093873,24.480435,"118.093873,24.480435",13554847314,福建省,B0M6AUYVE5
瑞幸咖啡(国金广场店),餐饮服务;咖啡厅;咖啡厅,050500,前埔路莲前街道506-508号国金广场一层后大堂,厦门市,思明区,118.174723,24.482206,"118.174723,24.482206",4000100100,福建省,B0FFKTSEOC
瑞幸咖啡(海沧黄金产业园店),餐饮服务;休闲餐饮场所;休闲餐饮场所,050400,海景东路与海景南路交叉口南400米,厦门市,海沧区,118.020275,24.464625,"118.020275,24.464625",4000100100,福建省,B0L3OAYCJT
瑞幸咖啡(海上世界2号楼店),餐饮服务;咖啡厅;咖啡厅,050500,双狮北路海上世界2号楼一层大堂,厦门市,湖里区,118.078827,24.491275,"118.078827,24.491275",4000100100,福建省,B0K056SQLM
瑞幸咖啡(海沧海西国际广场店),餐饮服务;咖啡厅;咖啡厅,050500,海裕路314号兴海苑底商,厦门市,海沧区,118.038474,24.497879,"118.038474,24.497879",4000100100,福建省,B0J1Z5P5E6
瑞幸咖啡(明发商业广场南区店),餐饮服务;咖啡厅;咖啡厅,050500,莲前西路19号明发商业广场南区入口处底商,厦门市,思明区,118.122684,24.476974,"118.122684,24.476974",4000100100,福建省,B0J3CUBLVM
瑞幸咖啡(海沧新垵村富海百货店),餐饮服务;咖啡厅;咖啡厅,050500,新阳街道新垵村中路72号富海百货1层底商,厦门市,海沧区,117.998888,24.524458,"117.998888,24.524458",4000100100,福建省,B0LR5OBUPT
瑞幸咖啡(台商会馆店),餐饮服务;咖啡厅;咖啡厅,050500,仙岳路860号厦门台商会馆一层大堂,厦门市,湖里区,118.132642,24.499263,"118.132642,24.499263",4000100100,福建省,B0FFIVOH38
瑞幸咖啡(湖里公园地铁公寓店),餐饮服务;餐饮相关场所;餐饮相关,050000,湖里大道54号1楼湖里公园TOD·地铁公寓,厦门市,湖里区,118.105760,24.510175,"118.105760,24.510175",4000100100,福建省,B0K67CB8G3
瑞幸咖啡(殿前清水宫店),餐饮服务;咖啡厅;咖啡厅,050500,鑫永胜二期西南门东南50米,厦门市,湖里区,118.113626,24.529261,"118.113626,24.529261",[],福建省,B0MGURD8SV
瑞幸咖啡(火炬新科广场店),餐饮服务;咖啡厅;咖啡厅,050500,火炬高新区新科广场1号楼一层109室,厦门市,湖里区,118.144171,24.526202,"118.144171,24.526202",4000100100,福建省,B0KKG1CVSP
瑞幸咖啡(瑞达国际金融中心店),餐饮服务;咖啡厅;咖啡厅,050500,桃园路16号瑞达国际金融中心南楼商业一层103号之一,厦门市,思明区,118.190455,24.488040,"118.190455,24.488040",4000100100,福建省,B0JA2HHFLQ
瑞幸咖啡(首泰国际广场店),餐饮服务;咖啡厅;咖啡厅,050500,岭下西路263-106号首泰国际广场底商,厦门市,湖里区,118.156582,24.530155,"118.156582,24.530155",4000100100,福建省,B0J6DCBRAM
瑞幸咖啡(厦门海沧港汇广场店),餐饮服务;咖啡厅;咖啡厅,050500,南海三路1101号港汇商业广场一层101号,厦门市,海沧区,118.023793,24.476955,"118.023793,24.476955",4000100100,福建省,B0J1GM5JTC
瑞幸咖啡(厦门金鸡亭店),餐饮服务;咖啡厅;咖啡厅,050500,金林花园,厦门市,思明区,118.140461,24.475606,"118.140461,24.475606",4000100100,福建省,B0K0MUG5JG
瑞幸咖啡(日华国际大厦店),餐饮服务;咖啡厅;咖啡厅,050500,新丰三路16号日华国际大厦一层大堂,厦门市,湖里区,118.120167,24.515412,"118.120167,24.515412",4000100100,福建省,B0FFIX9A40
luckin coffee 瑞幸咖啡(未来海岸阿罗海店),餐饮服务;咖啡厅;咖啡厅,050500,嵩屿街道嵩屿北五里19号阿罗海购物中心A137室,厦门市,海沧区,118.033230,24.460102,"118.033230,24.460102",4000100100,福建省,B0L3ARVO6M
瑞幸咖啡(厦门加州城市广场店),餐饮服务;咖啡厅;咖啡厅,050500,莲前东路123号加州商业广场367单元三层中庭,厦门市,思明区,118.158281,24.477247,"118.158281,24.477247",4000100100,福建省,B0FFL7BEIX
瑞幸咖啡(莲前集团大厦店),餐饮服务;咖啡厅;咖啡厅,050500,莲前中路323号莲前集团大厦一层大堂,厦门市,思明区,118.175169,24.475039,"118.175169,24.475039",4000100100,福建省,B0FFK9NAX3
瑞幸咖啡(曾厝垵店),餐饮服务;咖啡厅;咖啡厅,050500,曾厝垵社2-17号曾厝垵大门侧底商,厦门市,思明区,118.105059,24.431110,"118.105059,24.431110",[],福建省,B0L10MCEOB
瑞幸咖啡(泰地海西中心店),餐饮服务;咖啡厅;咖啡厅,050500,海沧大道891号SEC泰地海西中心A座一层大堂,厦门市,海沧区,118.043548,24.481179,"118.043548,24.481179",4000100100,福建省,B0J6MN8SCF
瑞幸咖啡(清华海峡研究院店),餐饮服务;咖啡厅;咖啡厅,050500,安墩路与岐山北路交叉口东南120米,厦门市,湖里区,118.150329,24.531374,"118.150329,24.531374",4000100100,福建省,B0K657K8MJ
瑞幸咖啡(JFC品尚中心店),餐饮服务;咖啡厅;咖啡厅,050500,环岛东路1705号JFC品尚中心C-L1-01号底商,厦门市,思明区,118.191851,24.474368,"118.191851,24.474368",4000100100,福建省,B0FFKTQNSQ
瑞幸咖啡(鼎丰财富中心店),餐饮服务;餐饮相关场所;餐饮相关,050000,高林中路503号鼎丰财富中心一层大堂,厦门市,湖里区,118.184439,24.506809,"118.184439,24.506809",4000100100,福建省,B0FFLD6K1N
瑞幸咖啡(祥店国贸阳光店),餐饮服务;咖啡厅;咖啡厅,050500,祥店路159号,厦门市,湖里区,118.144375,24.501266,"118.144375,24.501266",4000100100,福建省,B0K6JUYCJD
瑞幸咖啡(永建顶尚店),餐饮服务;咖啡厅;咖啡厅,050500,枋湖南路163号永建顶尚1号楼一层102单元,厦门市,湖里区,118.149950,24.512384,"118.149950,24.512384",4000100100,福建省,B0FFKQ7KNH
瑞幸咖啡(机场北院儿里店),餐饮服务;咖啡厅;咖啡厅,050500,港中路与高崎北路交叉口西220米,厦门市,湖里区,118.123014,24.549365,"118.123014,24.549365",4000100100,福建省,B0J2L74QPD
瑞幸咖啡(小东山店),餐饮服务;咖啡厅;咖啡厅,050500,小东山社与东山仔路交叉口西北60米,厦门市,湖里区,118.127725,24.513475,"118.127725,24.513475",[],福建省,B0MGF76GCU
瑞幸咖啡(中石化文灶店),餐饮服务;咖啡厅;咖啡厅,050500,厦禾路824号中石化文灶加油站易捷便利店,厦门市,思明区,118.105282,24.466087,"118.105282,24.466087",4000100100,福建省,B0FFKU6MK6
瑞幸咖啡(集美区孙厝店),餐饮服务;休闲餐饮场所;休闲餐饮场所,050400,乐安东里6-1-103号,厦门市,集美区,118.100765,24.584702,"118.100765,24.584702",4000100100,福建省,B0L3MOPN7J
瑞幸咖啡(锦厦科技大厦店),餐饮服务;咖啡厅;咖啡厅,050500,枋湖北二路1507号锦厦大厦一层106号铺,厦门市,湖里区,118.156437,24.524826,"118.156437,24.524826",4000100100,福建省,B0I11U71UW
瑞幸咖啡(海沧万科城店),餐饮服务;咖啡厅;咖啡厅,050500,霞光东里84-95号海沧万科城3期,厦门市,海沧区,118.028564,24.531677,"118.028564,24.531677",4000100100,福建省,B0K6OAVIOU
瑞幸咖啡(华永天地店),餐饮服务;咖啡厅;咖啡厅,050500,台湾街292号华永天地一层101号铺,厦门市,湖里区,118.133093,24.495353,"118.133093,24.495353",4000100100,福建省,B0I1TH94AN
瑞幸咖啡(翔鹭花城店),餐饮服务;咖啡厅;咖啡厅,050500,长浩二里1-65号翔鹭花城三期,厦门市,湖里区,118.103888,24.525447,"118.103888,24.525447",4000100100,福建省,B0K6GD4AHH
瑞幸咖啡(厦门汇盈大厦店),餐饮服务;咖啡厅;咖啡厅,050500,金湖路518号汇盈大厦一层103号,厦门市,湖里区,118.160711,24.508912,"118.160711,24.508912",4000100100,福建省,B0JBHRYAD6
瑞幸咖啡(阿罗海城市广场店),餐饮服务;咖啡厅;咖啡厅,050500,滨湖北二路116号阿罗海城市广场BH128单元底商,厦门市,海沧区,118.031608,24.481979,"118.031608,24.481979",4000100100,福建省,B0KU3ZJIFN
瑞幸咖啡(厦门日报社新闻大厦店),餐饮服务;餐饮相关场所;餐饮相关,050000,金尚路289号厦门日报社新闻大厦F1层,厦门市,湖里区,118.146725,24.494625,"118.146725,24.494625",4000100100,福建省,B0KDMC6OIO
瑞幸咖啡(厦门理工学院明理园店),餐饮服务;休闲餐饮场所;休闲餐饮场所,050400,理工路666-101号理工学院校内明理园教学楼一楼商铺,厦门市,集美区,118.087457,24.622141,"118.087457,24.622141",4000100100,福建省,B0LK370GJG
luckin coffee 瑞幸咖啡(厦门蔡塘爱琴海购物中心店),餐饮服务;咖啡厅;咖啡厅,050500,吕岭路968号厦门蔡塘爱琴海购物中心1F层,厦门市,湖里区,118.155775,24.485675,"118.155775,24.485675",4000100100,福建省,B0LUPC1BQQ
luckin coffee 瑞幸咖啡(南部新城TOD·璞安店),餐饮服务;咖啡厅;咖啡厅,050500,昌文里4-101(浦边地铁站4号口步行370米),厦门市,翔安区,118.267443,24.581548,"118.267443,24.581548",4000100100,福建省,B0L1JA7GNC
瑞幸咖啡(瑞景商业广场店),餐饮服务;咖啡厅;咖啡厅,050500,莲前东路288号瑞景商业广场底商,厦门市,思明区,118.160639,24.475051,"118.160639,24.475051",4000100100,福建省,B0J1HM363U
瑞幸咖啡(曾厝垵店),餐饮服务;咖啡厅;咖啡厅,050500,曾厝埯社2-17号曾厝埯大门侧底商,厦门市,思明区,118.125258,24.425129,"118.125258,24.425129",4000100100,福建省,B0GUNXK0LY
瑞幸咖啡(宝龙一城店),餐饮服务;冷饮店;冷饮店,050700,金山路1号宝龙一城负一层1A地铁口,厦门市,思明区,118.172970,24.485801,"118.172970,24.485801",4000100100,福建省,B0HKHAC91U
瑞幸咖啡(前埔东路店),餐饮服务;咖啡厅;咖啡厅,050500,文兴东二里60号底商,厦门市,思明区,118.172682,24.469706,"118.172682,24.469706",4000100100,福建省,B0JR5ZPFM0
瑞幸咖啡(无限青创大厦店),餐饮服务;餐饮相关场所;餐饮相关,050000,安岭二路31号无限青创大厦一层大堂,厦门市,湖里区,118.157727,24.525718,"118.157727,24.525718",4000100100,福建省,B0FFKSIVKL
瑞幸咖啡(厦门弘爱医院店),餐饮服务;咖啡厅;咖啡厅,050500,仙岳路3777号综合楼一层1050-1室,厦门市,湖里区,118.171560,24.506584,"118.171560,24.506584",4000100100,福建省,B0FFM4WJAT
瑞幸咖啡(加州洪文站店),餐饮服务;咖啡厅;咖啡厅,050500,莲前东路401号一层102号,厦门市,思明区,118.159580,24.476277,"118.159580,24.476277",4000100100,福建省,B0JK4ZOI7Y
luckin coffee 瑞幸咖啡(汇腾天虹店),餐饮服务;咖啡厅;咖啡厅,050500,嘉禾路32号一楼(吕厝地铁站1号口旁),厦门市,思明区,118.127475,24.491525,"118.127475,24.491525",[],福建省,B0L25GC9E9
瑞幸咖啡(罗宾森购物广场店),餐饮服务;咖啡厅;咖啡厅,050500,罗宾森广场南3门西80米,厦门市,思明区,118.111721,24.468407,"118.111721,24.468407",4000100100,福建省,B0J0Z9BOUK
瑞幸咖啡(力拓新城店),餐饮服务;咖啡厅;咖啡厅,050500,安岭二路55号力拓新城一层107号,厦门市,湖里区,118.160919,24.526650,"118.160919,24.526650",4000100100,福建省,B0JGX74TZN
瑞幸咖啡(跨境电商店),餐饮服务;餐饮相关场所;餐饮相关,050000,长虹路29号跨境电商产业园二期一层103室,厦门市,湖里区,118.100743,24.519374,"118.100743,24.519374",4000100100,福建省,B0FFLG4H6D
瑞幸咖啡(湖里大唐世家店),餐饮服务;咖啡厅;咖啡厅,050500,兴隆路510-2号(塘边地铁站4B口步行380米),厦门市,湖里区,118.122184,24.508736,"118.122184,24.508736",4000100100,福建省,B0K1BDT6WR
瑞幸咖啡(联发欣悦里店),餐饮服务;咖啡厅;咖啡厅,050500,园山南路800号联发欣悦里一层124室,厦门市,湖里区,118.131076,24.506541,"118.131076,24.506541",4000100100,福建省,B0I1BASUMK
瑞幸咖啡(华润大厦店),餐饮服务;咖啡厅;咖啡厅,050500,吕岭路468号华润大厦3楼,厦门市,湖里区,118.161907,24.485355,"118.161907,24.485355",[],福建省,B0FFL02LTB
瑞幸咖啡(中航紫金广场店),餐饮服务;咖啡厅;咖啡厅,050500,环岛东路1823号中航紫金广场一层156-157号,厦门市,思明区,118.191688,24.475888,"118.191688,24.475888",4000100100,福建省,B0J0FZKOO7
瑞幸咖啡(杏林村店),餐饮服务;咖啡厅;咖啡厅,050500,苑亭路18号101店面,厦门市,集美区,118.056902,24.571656,"118.056902,24.571656",4000100100,福建省,B0JKTH237M
瑞幸咖啡(长庚医院店),餐饮服务;咖啡厅;咖啡厅,050500,霞飞路123号长庚医院住院楼一层,厦门市,海沧区,118.009898,24.534705,"118.009898,24.534705",4000100100,福建省,B0FFKTTR7Z
瑞幸咖啡(杏林万科里店),餐饮服务;餐饮相关场所;餐饮相关,050000,宁海一里62-2号杏林万科里1号门广场底商,厦门市,集美区,118.061994,24.562327,"118.061994,24.562327",4000100100,福建省,B0J6Y7ADFI
瑞幸咖啡(杏林杏东店),餐饮服务;咖啡厅;咖啡厅,050500,杏林东路10号一层1-113号铺,厦门市,集美区,118.044579,24.563923,"118.044579,24.563923",4000100100,福建省,B0I3F11MHP
luckin coffee 瑞幸咖啡(百脑汇科技大厦店),餐饮服务;咖啡厅;咖啡厅,050500,监控路由器批发(百脑汇),厦门市,思明区,118.090525,24.468375,"118.090525,24.468375",[],福建省,B0M615I9Q6
瑞幸咖啡(中达电商园店),餐饮服务;咖啡厅;咖啡厅,050500,新昌路39-1-102号,厦门市,海沧区,117.997240,24.518792,"117.997240,24.518792",4000100100,福建省,B0FFM21V42
瑞幸咖啡(新源路杏西广场店),餐饮服务;餐饮相关场所;餐饮相关,050000,新源路1号,厦门市,集美区,118.029816,24.566657,"118.029816,24.566657",4000100100,福建省,B0K0B5N10E
luckin coffee 瑞幸咖啡(SM厦门海沧城市广场店),餐饮服务;咖啡厅;咖啡厅,050500,孚莲路1818号SM厦门海沧城市广场B1层,厦门市,海沧区,117.956653,24.539426,"117.956653,24.539426",4000100100,福建省,B0L07M1RU7
瑞幸咖啡(海天广场店),餐饮服务;咖啡厅;咖啡厅,050500,钟宅路69号红星美凯龙海鸿楼一层103号,厦门市,湖里区,118.165379,24.531955,"118.165379,24.531955",4000100100,福建省,B0I06SS6MV
瑞幸咖啡(匹克国际大厦店),餐饮服务;咖啡厅;咖啡厅,050500,高雄路20号匹克营运中心一层106号,厦门市,思明区,118.194527,24.486022,"118.194527,24.486022",4000100100,福建省,B0GD3Y3AB2
luckin coffee 瑞幸咖啡(厦门大学科艺楼店),餐饮服务;咖啡厅;咖啡厅,050500,思明南路422号,厦门市,思明区,118.098408,24.435762,"118.098408,24.435762",[],福建省,B0L375L6D0
瑞幸咖啡(厦门大学西门演武1658店),餐饮服务;咖啡厅;咖啡厅,050500,演武路4-111号,厦门市,思明区,118.093127,24.437916,"118.093127,24.437916",4000100100,福建省,B0KUV7MI4N
瑞幸咖啡(宏益华府店),餐饮服务;咖啡厅;咖啡厅,050500,岐山路386号宏益华府2号楼一层大堂103-1号,厦门市,湖里区,118.159181,24.530194,"118.159181,24.530194",4000100100,福建省,B0GD3G3A3K
瑞幸咖啡(西雅图购物中心1号门店),餐饮服务;咖啡厅;咖啡厅,050500,西雅图购物中心一层443-167铺位,厦门市,海沧区,118.029433,24.493150,"118.029433,24.493150",4000100100,福建省,B0KDV7PCIJ
瑞幸咖啡(厦门大学思明校区学生公寓店),餐饮服务;咖啡厅;咖啡厅,050500,曾厝垵北二路105号厦大学生公寓8号楼1层115号,厦门市,思明区,118.116928,24.438303,"118.116928,24.438303",4000100100,福建省,B0FFKT464O
瑞幸咖啡(高崎机场T3航站楼B1店),餐饮服务;咖啡厅;咖啡厅,050500,翔云一路121号厦门高崎国际机场T3航站楼B1到达层B1134号铺,厦门市,湖里区,118.132345,24.533952,"118.132345,24.533952",4000100100,福建省,B0I1YG625N
瑞幸咖啡(亿联总部店),餐饮服务;休闲餐饮场所;休闲餐饮场所,050400,护安路666号亿联总部1层大堂,厦门市,湖里区,118.155120,24.530936,"118.155120,24.530936",4000100100,福建省,B0MBDHGPY2
luckin coffee 瑞幸咖啡(屿后路店),餐饮服务;咖啡厅;咖啡厅,050500,莲岳里东1门旁,厦门市,思明区,118.118905,24.493747,"118.118905,24.493747",[],福建省,B0L32H3C64
瑞幸咖啡(林前闽篮新天地店),餐饮服务;咖啡厅;咖啡厅,050500,宋洋二里7号闽蓝新天地一层13号室,厦门市,翔安区,118.230775,24.575875,"118.230775,24.575875",4000100100,福建省,B0LDTX8H4O
luckin coffee 瑞幸咖啡(厦门阳光小镇店),餐饮服务;休闲餐饮场所;休闲餐饮场所,050400,美林街道美峰六里28号厦门阳光小镇,厦门市,同安区,118.139729,24.611018,"118.139729,24.611018",4000100100,福建省,B0LR6HFE0A
luckin coffee 瑞幸咖啡(华侨大学厦门校区店),餐饮服务;咖啡厅;咖啡厅,050500,刺桐路与志学路交叉口东北80米,厦门市,集美区,118.087545,24.604444,"118.087545,24.604444",4000100100,福建省,B0KARME6U9
luckin coffee 瑞幸咖啡(围里村店),餐饮服务;咖啡厅;咖啡厅,050500,宸鸿科技-湖里二厂4号门西260米,厦门市,湖里区,118.145561,24.530899,"118.145561,24.530899",13670139440,福建省,B0LKUHYIZD
瑞幸咖啡(金龙广场店),餐饮服务;咖啡厅;咖啡厅,050500,金山路2479号金龙广场一层大堂,厦门市,湖里区,118.176090,24.500819,"118.176090,24.500819",4000100100,福建省,B0J1VCBMAS
瑞幸咖啡(博宏科技大厦店),餐饮服务;咖啡厅;咖啡厅,050500,护安路647号博宏科技大厦F1层,厦门市,湖里区,118.154763,24.529520,"118.154763,24.529520",4000100100,福建省,B0KU25325I
瑞幸咖啡(希尼亚国际大厦店),餐饮服务;咖啡厅;咖啡厅,050500,安岭二路90号希尼亚国际大厦F1层,厦门市,湖里区,118.162635,24.527116,"118.162635,24.527116",4000100100,福建省,B0K11GIZ0C
瑞幸咖啡(宝拓大厦店),餐饮服务;餐饮相关场所;餐饮相关,050000,泗水道617号宝拓大厦一层大堂,厦门市,湖里区,118.186900,24.527551,"118.186900,24.527551",4000100100,福建省,B0FFK22K20
瑞幸咖啡(创想中心B座店),餐饮服务;咖啡厅;咖啡厅,050500,吕岭路1739号创想中心B座F1层,厦门市,思明区,118.184732,24.481404,"118.184732,24.481404",4000100100,福建省,B0KDDB09YE
瑞幸咖啡(创想中心A座店),餐饮服务;餐饮相关场所;餐饮相关,050000,吕岭路1733号创想中心A座F1层,厦门市,思明区,118.180901,24.482766,"118.180901,24.482766",4000100100,福建省,B0JK6A4Q5A
luckin coffee瑞幸咖啡(集美鳌园路店),餐饮服务;咖啡厅;咖啡厅,050500,鳌园路24-113号店,厦门市,集美区,118.105005,24.566517,"118.105005,24.566517",[],福建省,B0MG0RIIAX
luckin coffee 瑞幸咖啡(明丰财富中心店),餐饮服务;餐饮相关场所;餐饮相关,050000,莲前街道前埔东路555号明丰财富中心一层大堂,厦门市,思明区,118.177943,24.479342,"118.177943,24.479342",[],福建省,B0L31RVZKS
瑞幸咖啡(厦门五石商务中心店),餐饮服务;咖啡厅;咖啡厅,050500,岐山北路768号五石商务中心一层大堂,厦门市,湖里区,118.156905,24.537680,"118.156905,24.537680",4000100100,福建省,B0FFKQ4PLR
luckin coffee 瑞幸咖啡(凤泉中路店),餐饮服务;休闲餐饮场所;休闲餐饮场所,050400,凤泉中路与安仁大道辅路交叉口西南40米,厦门市,集美区,117.992295,24.608655,"117.992295,24.608655",4000100100,福建省,B0L3XG0VEF
瑞幸咖啡(厦门中国人寿大厦店),餐饮服务;咖啡厅;咖啡厅,050500,仙岳路4686号中国人寿大厦一层大堂,厦门市,湖里区,118.179625,24.506825,"118.179625,24.506825",4000100100,福建省,B0L2KZG4M3
瑞幸咖啡(新景地大厦店),餐饮服务;咖啡厅;咖啡厅,050500,高林中路469号新景地大厦1层大堂,厦门市,湖里区,118.182836,24.506090,"118.182836,24.506090",4000100100,福建省,B0KBLZ15W4
luckin coffee 瑞幸咖啡(航空自贸广场店),餐饮服务;咖啡厅;咖啡厅,050500,湖里区高崎北路420号航空自贸广场4号楼一层大堂,厦门市,湖里区,118.126217,24.549780,"118.126217,24.549780",[],福建省,B0L6L1GXXE
瑞幸咖啡(厦门大学南门白城沙滩店),餐饮服务;咖啡厅;咖啡厅,050500,厦大白城路7-1号103号夏商超市一楼,厦门市,思明区,118.102446,24.433149,"118.102446,24.433149",4000100100,福建省,B0FFK65OW9
瑞幸咖啡(杏锦TOD锦悦里店),餐饮服务;餐饮相关场所;餐饮相关,050000,水晶地铁公元(杏锦路地铁站2号口步行50米),厦门市,集美区,118.058493,24.581200,"118.058493,24.581200",4000100100,福建省,B0K0DH9RL3
瑞幸咖啡(软件园二期27号楼店),餐饮服务;餐饮相关场所;餐饮相关,050000,望海路27号一层101-9号,厦门市,思明区,118.180113,24.490614,"118.180113,24.490614",4000100100,福建省,B0GDVG7AZG
瑞幸咖啡(特房波特曼财富中心店),餐饮服务;咖啡厅;咖啡厅,050500,莲前街道展鸿路81号特房波特曼财富中心A座一层大堂,厦门市,思明区,118.188880,24.475658,"118.188880,24.475658",4000100100,福建省,B0FFLMIR9V
瑞幸咖啡(海沧招商花园城店),餐饮服务;咖啡厅;咖啡厅,050500,新景西路335号,厦门市,海沧区,117.996108,24.536369,"117.996108,24.536369",4000100100,福建省,B0J3SMUKMQ
瑞幸咖啡(同安官浔社区店),餐饮服务;餐饮相关场所;餐饮相关,050000,西洲路1299-9号,厦门市,同安区,118.151929,24.654793,"118.151929,24.654793",4000100100,福建省,B0LGBAX7CA
瑞幸咖啡(软件园一期北区店),餐饮服务;咖啡厅;咖啡厅,050500,曾厝埯西路20号软件园一期北区1号楼元汇楼103-01单元,厦门市,思明区,118.115330,24.432840,"118.115330,24.432840",4000100100,福建省,B0KBYDC258
luckin coffee 瑞幸咖啡(太古生活区店),餐饮服务;咖啡厅;咖啡厅,050500,枋湖区安兜社8022号,厦门市,湖里区,118.132002,24.526909,"118.132002,24.526909",[],福建省,B0M6SR4SQX
瑞幸咖啡(黄厝海滩日出店),餐饮服务;咖啡厅;咖啡厅,050500,滨海街道环岛南路4567-26号,厦门市,思明区,118.160312,24.441512,"118.160312,24.441512",4000100100,福建省,B0L26RFHKJ
瑞幸咖啡(厦门华侨大学艺术区店),餐饮服务;咖啡厅;咖啡厅,050500,兑山西路118-118-1号,厦门市,集美区,118.081225,24.605525,"118.081225,24.605525",4000100100,福建省,B0GDVZ7KLD
瑞幸咖啡(同安商务大厦店),餐饮服务;咖啡厅;咖啡厅,050500,泗水道625号同安商务大厦一层105-2号,厦门市,湖里区,118.186672,24.528955,"118.186672,24.528955",4000100100,福建省,B0FFK21KHC
瑞幸咖啡(集美万达广场金街店),餐饮服务;咖啡厅;咖啡厅,050500,集美街道银江路137-之85号万达广场(集美店),厦门市,集美区,118.091603,24.572771,"118.091603,24.572771",4000100100,福建省,B0JK7SIZBH
luckin coffee 瑞幸咖啡(大潭街店),餐饮服务;咖啡厅;咖啡厅,050500,大潭街与殿前三路交叉口东140米(殿前地铁站1号口旁),厦门市,湖里区,118.115276,24.524202,"118.115276,24.524202",4000100100,福建省,B0LGHHLHK1
luckin coffee 瑞幸咖啡(iOi MALL店),餐饮服务;咖啡厅;咖啡厅,050500,滨水路中五里1号iOi MALL,厦门市,集美区,118.075640,24.600645,"118.075640,24.600645",4000100100,福建省,B0LR3UCMNU
瑞幸咖啡(海沧海富路步行街店),餐饮服务;休闲餐饮场所;休闲餐饮场所,050400,腾龙商厦西门旁,厦门市,海沧区,118.035838,24.493636,"118.035838,24.493636",4000100100,福建省,B0L3MULORW
luckin coffee 瑞幸咖啡(厦门软件职业技术学院店),餐饮服务;咖啡厅;咖啡厅,050500,孙坂南路1199-5号康吉餐厅二层B12号商铺,厦门市,集美区,118.077825,24.616975,"118.077825,24.616975",4000100100,福建省,B0LB1S0PPQ
瑞幸咖啡(观音山世纪大厦店),餐饮服务;咖啡厅;咖啡厅,050500,宜兰路7号世纪大厦一层大堂,厦门市,思明区,118.196725,24.488399,"118.196725,24.488399",4000100100,福建省,B0FFK6CBWV
瑞幸咖啡(同安美峰创谷店),餐饮服务;咖啡厅;咖啡厅,050500,同安区滨海西大道133号美峰创谷S3号一层C-04号,厦门市,同安区,118.139865,24.614955,"118.139865,24.614955",4000100100,福建省,B0JD0H00RZ
luckin coffee 瑞幸咖啡(厦门和美天地店),餐饮服务;咖啡厅;咖啡厅,050500,杏林街道诚毅中路616号厦门和美天地广场负一楼B131室,厦门市,集美区,118.051345,24.604962,"118.051345,24.604962",4000100100,福建省,B0LAJUGCXU
luckin coffee 瑞幸咖啡(铭仕花园店),餐饮服务;咖啡厅;咖啡厅,050500,沧虹路39-47号铭仕花园(马青路地铁站3号口旁),厦门市,海沧区,118.031038,24.493624,"118.031038,24.493624",13127631425,福建省,B0L01LGTPA
luckin coffee 瑞幸咖啡(电子城·国际创新中心店),餐饮服务;咖啡厅;咖啡厅,050500,侨英街道兑英路11号电子城·厦门国际创新中心一期B座一层103单元之一,厦门市,集美区,118.074389,24.606668,"118.074389,24.606668",4000100100,福建省,B0I3T5DCWH
瑞幸咖啡(湾悦城SOHO湾区A座店),餐饮服务;咖啡厅;咖啡厅,050500,钟宅西三路湾悦城A栋大堂2楼,厦门市,湖里区,118.162019,24.515565,"118.162019,24.515565",4000100100,福建省,B0FFKVX9PZ
瑞幸咖啡(厦门城市职业学院学生街店),餐饮服务;餐饮相关场所;餐饮相关,050000,岩前路3号3-1-102,厦门市,思明区,118.164488,24.459962,"118.164488,24.459962",[],福建省,B0LKZ7FP6K
瑞幸咖啡(观音山汇金国际中心店),餐饮服务;咖啡厅;咖啡厅,050500,台南路76号福兴国际中心大堂,厦门市,思明区,118.196257,24.483943,"118.196257,24.483943",4000100100,福建省,B0FFIYU7ES
luckin coffee 瑞幸咖啡(砂之船奥特莱斯店),餐饮服务;餐饮相关场所;餐饮相关,050000,环岛东路2486-101,厦门市,湖里区,118.191685,24.529109,"118.191685,24.529109",4000100100,福建省,B0LR66FIBD
瑞幸咖啡(观音山海西金谷广场T3店),餐饮服务;咖啡厅;咖啡厅,050500,莲前街道台北路1-3号海西金谷广场T3号楼2楼,厦门市,思明区,118.191126,24.493499,"118.191126,24.493499",4000100100,福建省,B0IBCDHIAE
瑞幸咖啡(软件园二期40号楼店),餐饮服务;咖啡厅;咖啡厅,050500,软件园二期40号楼,厦门市,思明区,118.185709,24.483744,"118.185709,24.483744",4000100100,福建省,B0KDDO19Q9
luckin coffee 瑞幸咖啡(五缘湾悦都汇购物中心店),餐饮服务;咖啡厅;咖啡厅,050500,金湖路686号,厦门市,湖里区,118.159925,24.511575,"118.159925,24.511575",[],福建省,B0MBPU1R6K
瑞幸咖啡(集美银泰百货店),餐饮服务;咖啡厅;咖啡厅,050500,同集南路68号银泰百货集美店一层3号门外L1057号铺,厦门市,集美区,118.107225,24.588859,"118.107225,24.588859",4000100100,福建省,B0I0RO6SDZ
瑞幸咖啡(集美环珠路店),餐饮服务;咖啡厅;咖啡厅,050500,环珠路与板桥路交叉口西20米,厦门市,集美区,118.107741,24.611210,"118.107741,24.611210",4000100100,福建省,B0K3M7Q20H
瑞幸咖啡(集美世茂广场店),餐饮服务;咖啡厅;咖啡厅,050500,滨水中二里32号集美世茂广场二层,厦门市,集美区,118.076472,24.602113,"118.076472,24.602113",4000100100,福建省,B0I6B9YKDC
瑞幸咖啡(厦门大学翔安校区学生街店),餐饮服务;咖啡厅;咖啡厅,050500,沙美南路与沙美路交叉口东北60米,厦门市,翔安区,118.320775,24.608112,"118.320775,24.608112",4000100100,福建省,B0MBPN0DW3
luckin coffee 瑞幸咖啡(厦门雀氏财富中心店),餐饮服务;休闲餐饮场所;休闲餐饮场所,050400,太鲁阁路与花莲路交叉口东北40米,厦门市,思明区,118.195236,24.485577,"118.195236,24.485577",4000100100,福建省,B0I12Y24GA
瑞幸咖啡(软件园二期16号楼店),餐饮服务;咖啡厅;咖啡厅,050500,观日路16号软件园一层食堂,厦门市,思明区,118.178325,24.487075,"118.178325,24.487075",4000100100,福建省,B0H0BX4EBS
瑞幸咖啡(湖里万达C区2号楼店),餐饮服务;咖啡厅;咖啡厅,050500,仙岳路4666号万达写字楼C2一层大堂,厦门市,湖里区,118.178274,24.502886,"118.178274,24.502886",4000100100,福建省,B0LU2HWN3W
瑞幸咖啡(软件园二期52号楼店),餐饮服务;餐饮相关场所;餐饮相关,050000,观日路52号软件园二期一层-101室,厦门市,思明区,118.183240,24.483570,"118.183240,24.483570",4000100100,福建省,B0GD3N31JG
luckin coffee 瑞幸咖啡(厦门市第三医院店),餐饮服务;咖啡厅;咖啡厅,050500,阳翟二路2-1号厦门市第三医院门诊一楼大厅,厦门市,同安区,118.146303,24.706236,"118.146303,24.706236",4000100100,福建省,B0LGZUS58Z
瑞幸咖啡(软件园二期26号楼店),餐饮服务;咖啡厅;咖啡厅,050500,观日路26号软件园二期26-7号一层107室,厦门市,思明区,118.181378,24.485546,"118.181378,24.485546",4000100100,福建省,B0I1OMCPRQ
瑞幸咖啡(厦门软件园二期57号楼店),餐饮服务;餐饮相关场所;餐饮相关,050000,软件园二期望海路57-2一层103室,厦门市,思明区,118.185375,24.488175,"118.185375,24.488175",4000100100,福建省,B0FFJJ36P2
瑞幸咖啡(湖里万达广场5号门店),餐饮服务;咖啡厅;咖啡厅,050500,仙岳路4666号万达广场(厦门湖里店)二楼,厦门市,湖里区,118.177753,24.504281,"118.177753,24.504281",4000100100,福建省,B0I0RMP9KU
瑞幸咖啡(厦门翔安侯阁里店),餐饮服务;餐饮相关场所;餐饮相关,050000,翔安西路6999号,厦门市,翔安区,118.208986,24.635282,"118.208986,24.635282",4000100100,福建省,B0K2XH6XXZ
瑞幸咖啡(厦门国际博览中心店),餐饮服务;咖啡厅;咖啡厅,050500,扬帆路1号国际博览中心二层01号,厦门市,翔安区,118.210558,24.554825,"118.210558,24.554825",4000100100,福建省,B0JK4ZOAK6
瑞幸咖啡(软件园二期63号楼店),餐饮服务;咖啡厅;咖啡厅,050500,软件园二期63号楼店,厦门市,思明区,118.186541,24.487007,"118.186541,24.487007",4000100100,福建省,B0KDAODWFI
瑞幸咖啡(软件园三期C01店),餐饮服务;餐饮相关场所;餐饮相关,050000,浦公山东路与兴溪路交叉口南120米,厦门市,集美区,118.041227,24.622605,"118.041227,24.622605",4000100100,福建省,B0LG9KOY6Z
luckin coffee 瑞幸咖啡(集美软件园TOD锦悦天地店),餐饮服务;咖啡厅;咖啡厅,050500,诚毅北大街9-8软件园TOD锦悦天地一期B1层B215号,厦门市,集美区,118.047375,24.613625,"118.047375,24.613625",4000100100,福建省,B0LK47WS33
luckin coffee 瑞幸咖啡(厦门火炬高新区翔安产业区强业楼店),餐饮服务;咖啡厅;咖啡厅,050500,翔星路98号厦门火炬高新区翔安产业区强业楼F1层,厦门市,翔安区,118.241099,24.642289,"118.241099,24.642289",4000100100,福建省,B0KGDDR0YI
瑞幸咖啡(海沧霞阳南路店),餐饮服务;咖啡厅;咖啡厅,050500,阳云公寓北门东130米,厦门市,海沧区,118.019034,24.531503,"118.019034,24.531503",4000100100,福建省,B0JKVZLE04
瑞幸咖啡(集美电子城店),餐饮服务;咖啡厅;咖啡厅,050500,兑英南路与集美大道辅路交叉口北160米,厦门市,集美区,118.099297,24.591847,"118.099297,24.591847",4000100100,福建省,B0K0R97HYP
瑞幸咖啡(杏林万达广场店),餐饮服务;咖啡厅;咖啡厅,050500,杏前路262-101号万达广场厦门杏林店F1层,厦门市,集美区,118.014625,24.590725,"118.014625,24.590725",4000100100,福建省,B0K2KZNALE
luckin coffee 瑞幸咖啡(磐基名品中心店),餐饮服务;咖啡厅;咖啡厅,050500,嘉禾路197-199号磐基名品中心LG01D商铺,厦门市,思明区,118.121179,24.482871,"118.121179,24.482871",4000100100,福建省,B0FFLA7WJU
瑞幸咖啡(软件园二期15号楼店),餐饮服务;咖啡厅;咖啡厅,050500,望海路15号之二,厦门市,思明区,118.178380,24.490542,"118.178380,24.490542",4000100100,福建省,B0J0XDHT32
瑞幸咖啡(观音山商务区10号楼店),餐饮服务;餐饮相关场所;餐饮相关,050000,莲前街道台东路168号观音山商务营运中心10号楼一层大堂,厦门市,思明区,118.195231,24.493368,"118.195231,24.493368",4000100100,福建省,B0KRUX682A
瑞幸咖啡(厦门大悦城店),餐饮服务;咖啡厅;咖啡厅,050500,杏林街道杏林湾路333号厦门大悦城4层L430室,厦门市,集美区,118.055376,24.592625,"118.055376,24.592625",4000100100,福建省,B0K3ZB7QLJ
瑞幸咖啡(百通科技园店),餐饮服务;咖啡厅;咖啡厅,050500,凤岐路199号软件园三期百通科技园一层大堂,厦门市,集美区,118.043350,24.611172,"118.043350,24.611172",4000100100,福建省,B0JDPZT9KO
瑞幸咖啡(集美新华都店),餐饮服务;咖啡厅;咖啡厅,050500,乐海路23号新华都购物中心F2层BRT入口,厦门市,集美区,118.109178,24.586024,"118.109178,24.586024",4000100100,福建省,B0H2FXKS92
luckin coffee 瑞幸咖啡(康利金融大厦店),餐饮服务;咖啡厅;咖啡厅,050500,宜兰路9号康利金融大厦F1层,厦门市,思明区,118.196887,24.488419,"118.196887,24.488419",13120551469;4000100100,福建省,B0MGRHK6M0
luckin coffee 瑞幸咖啡(同安小西门店),餐饮服务;咖啡厅;咖啡厅,050500,环城北路399号,厦门市,同安区,118.149579,24.736030,"118.149579,24.736030",4000100100,福建省,B0L2FM1ZCI
瑞幸咖啡(观音山商务区7号楼店),公司企业;公司;公司,170200,台东路168号观音山7号楼一层大堂,厦门市,思明区,118.193561,24.492306,"118.193561,24.492306",4000100100,福建省,B0G2NG2V84
瑞幸咖啡(海西9号店),餐饮服务;咖啡厅;咖啡厅,050500,新澳路1511号海西9号,厦门市,翔安区,118.241140,24.567384,"118.241140,24.567384",[],福建省,B0MBYO631N
瑞幸咖啡(厦门北旺角大学城店),餐饮服务;咖啡厅;咖啡厅,050500,天马路旺角大学城A区305-105号,厦门市,集美区,118.086074,24.631989,"118.086074,24.631989",4000100100,福建省,B0HKVS76DD
luckin coffee 瑞幸咖啡(极美壹号店),餐饮服务;咖啡厅;咖啡厅,050500,石鼓路5-113号,厦门市,集美区,118.097132,24.566628,"118.097132,24.566628",[],福建省,B0MB2X1O24
瑞幸咖啡(下方村店),餐饮服务;咖啡厅;咖啡厅,050500,下枫路5号,厦门市,翔安区,118.213614,24.670326,"118.213614,24.670326",4000100100,福建省,B0L0ASBBY7
瑞幸咖啡(观音山世纪财富中心店),餐饮服务;咖啡厅;咖啡厅,050500,台东路158号世纪财富中心一层大堂,厦门市,思明区,118.195928,24.489650,"118.195928,24.489650",4000100100,福建省,B0K60U8DBG
瑞幸咖啡(集美大学财经学院店),餐饮服务;咖啡厅;咖啡厅,050500,石鼓路78号集美大学财经学院陈延奎楼一层,厦门市,集美区,118.099177,24.571863,"118.099177,24.571863",4000100100,福建省,B0FFKBNMAZ
瑞幸咖啡(潘涂丁字街店),餐饮服务;咖啡厅;咖啡厅,050500,潘涂丁字街135号,厦门市,同安区,118.141653,24.644890,"118.141653,24.644890",4000100100,福建省,B0K6FHJYX9
瑞幸咖啡(禹洲大学城店),餐饮服务;餐饮相关场所;餐饮相关,050000,美人山一里1-101号,厦门市,同安区,118.129012,24.621278,"118.129012,24.621278",4000100100,福建省,B0JKV5P3BM
luckin coffee 瑞幸咖啡(集美大学诚毅学院店),餐饮服务;餐饮相关场所;餐饮相关,050000,集美大道199号诚毅学院学生生活中心一层鸿润福超市,厦门市,集美区,118.094825,24.587175,"118.094825,24.587175",4000100100,福建省,B0FFK51OAY
瑞幸咖啡(翔安闽篮城市广场店),餐饮服务;咖啡厅;咖啡厅,050500,鼓锣一里61号闽篮城市广场一层123号,厦门市,翔安区,118.244518,24.574844,"118.244518,24.574844",4000100100,福建省,B0J2FCZ96L
瑞幸咖啡(软件园三期A06店),餐饮服务;咖啡厅;咖啡厅,050500,诚毅大街370号软件园三期A区06栋一层大堂,厦门市,集美区,118.051632,24.608042,"118.051632,24.608042",4000100100,福建省,B0KKKHUG2P
瑞幸咖啡(软件园三期A04店),餐饮服务;咖啡厅;咖啡厅,050500,诚毅大街365-101号,厦门市,集美区,118.049433,24.606643,"118.049433,24.606643",4000100100,福建省,B0KK4LVVXN
瑞幸咖啡(软件园三期店),餐饮服务;咖啡厅;咖啡厅,050500,诚毅北大街51号软件园三期B11栋一层大堂,厦门市,集美区,118.044845,24.613282,"118.044845,24.613282",4000100100,福建省,B0G1BY9AGE
瑞幸咖啡(厦门理工学院店)(暂停营业),餐饮服务;咖啡厅;咖啡厅,050500,天马路与海翔大道辅路交叉口南320米,厦门市,集美区,118.088533,24.626074,"118.088533,24.626074",4000100100,福建省,B0I14N7J5Y
瑞幸咖啡(软件园三期B15店),餐饮服务;咖啡厅;咖啡厅,050500,后溪镇诚毅北大街61号软件园三期B15栋一层102单元,厦门市,集美区,118.043677,24.614818,"118.043677,24.614818",4000100100,福建省,B0KDLSI0RM
luckin coffee 瑞幸咖啡(祥禾广场店),餐饮服务;咖啡厅;咖啡厅,050500,新阳街道后祥北路105号祥禾广场内(南侧),厦门市,海沧区,117.978425,24.529475,"117.978425,24.529475",[],福建省,B0LKSMI3Y8
瑞幸咖啡(软件园三期B02店),餐饮服务;咖啡厅;咖啡厅,050500,诚毅北大街8号软件园三期B02栋底商,厦门市,集美区,118.048375,24.612198,"118.048375,24.612198",4000100100,福建省,B0IATGHRYM
瑞幸咖啡(软件园三期A05店),商务住宅;商务住宅相关;商务住宅相关,120000,诚毅大街371号软件园三期A区05栋底商,厦门市,集美区,118.050521,24.607055,"118.050521,24.607055",4000100100,福建省,B0LRMZX758
luckin coffee 瑞幸咖啡(园博苑站3号口店),餐饮服务;咖啡厅;咖啡厅,050500,杏林街道集杏海堤166-4号园博苑地铁站3D口B116号商铺,厦门市,集美区,118.066161,24.569695,"118.066161,24.569695",[],福建省,B0MBYR54J7
瑞幸咖啡(软件园三期F15店),餐饮服务;咖啡厅;咖啡厅,050500,集美北大道194-103号杏林街道软件园3期f22号楼,厦门市,集美区,118.018245,24.607352,"118.018245,24.607352",4000100100,福建省,B0KGXAHZ2X
瑞幸咖啡(软件园三期B19店),餐饮服务;咖啡厅;咖啡厅,050500,诚毅北大街64号网宿科技食堂二层,厦门市,集美区,118.044513,24.616532,"118.044513,24.616532",4000100100,福建省,B0G2AK1SNQ
luckin coffee 瑞幸咖啡(海上五月花店),餐饮服务;咖啡厅;咖啡厅,050500,集美区东安南二里28号,厦门市,集美区,118.119634,24.602519,"118.119634,24.602519",[],福建省,B0L09KBWYE
luckin coffee 瑞幸咖啡(集美英瑶路店),餐饮服务;咖啡厅;咖啡厅,050500,英瑶路560-107号,厦门市,集美区,118.112752,24.604890,"118.112752,24.604890",[],福建省,B0M69N81LR
瑞幸咖啡(软件园生活广场店),餐饮服务;咖啡厅;咖啡厅,050500,岭兜西路623号软件园生活广场一层,厦门市,思明区,118.176796,24.484723,"118.176796,24.484723",4000100100,福建省,B0FFL7ALIH
luckin coffee 瑞幸咖啡(海峡明珠广场店),餐饮服务;咖啡厅;咖啡厅,050500,宜兰路99号海峡明珠广场F1层,厦门市,思明区,118.195211,24.495856,"118.195211,24.495856",18616690593,福建省,B0L2V58M4S
瑞幸咖啡(汇景购物广场店),餐饮服务;咖啡厅;咖啡厅,050500,新店镇祥福五里24号汇景购物广场二层,厦门市,翔安区,118.245058,24.619623,"118.245058,24.619623",4000100100,福建省,B0HK27WNFN
瑞幸咖啡(厦门软件园三期B04店),餐饮服务;咖啡厅;咖啡厅,050500,浦公山西路与浦公山南路交叉口东南100米,厦门市,集美区,118.046833,24.610569,"118.046833,24.610569",4000100100,福建省,B0K3YZ6CGM
瑞幸咖啡(乌涂商业街店),餐饮服务;咖啡厅;咖啡厅,050500,乌涂下埔里415-6号底商,厦门市,同安区,118.123960,24.706704,"118.123960,24.706704",4000100100,福建省,B0J27H5GHI
瑞幸咖啡(集美大学水产学院店),餐饮服务;咖啡厅;咖啡厅,050500,银盛里62-103号,厦门市,集美区,118.103372,24.580892,"118.103372,24.580892",4000100100,福建省,B0FFM4CTF4
luckin coffee 瑞幸咖啡(瑞林路店),餐饮服务;咖啡厅;咖啡厅,050500,大路乾227-102,厦门市,集美区,117.986811,24.609643,"117.986811,24.609643",[],福建省,B0L0MXAFVB
瑞幸咖啡(泰禾红门店),餐饮服务;咖啡厅;咖啡厅,050500,西岩一里3号泰禾红门一层170号,厦门市,翔安区,118.245912,24.608337,"118.245912,24.608337",4000100100,福建省,B0J0199V3Z
luckin coffee 瑞幸咖啡(霞梧广场店),餐饮服务;咖啡厅;咖啡厅,050500,天安路37-103号,厦门市,集美区,118.104848,24.593322,"118.104848,24.593322",13554863864,福建省,B0L0GX4MZ0
瑞幸咖啡(马銮湾生活广场店),餐饮服务;咖啡厅;咖啡厅,050500,新阳北路1668号马銮湾生活广场一层20号,厦门市,海沧区,118.010356,24.530026,"118.010356,24.530026",4000100100,福建省,B0KG3UHZDH
瑞幸咖啡(金海湾财富中心店),餐饮服务;咖啡厅;咖啡厅,050500,金海湾财富中心店1号楼B栋1楼大堂,厦门市,湖里区,118.161650,24.529668,"118.161650,24.529668",4000100100,福建省,B0FFIYKL46
瑞幸咖啡(高崎机场T4航站楼店-安检内),餐饮服务;咖啡厅;咖啡厅,050500,高崎国际机场T4航站楼二层出发层安检内T4-2-41单元,厦门市,湖里区,118.148425,24.544475,"118.148425,24.544475",4000100100,福建省,B0J1AA1UIC
瑞幸咖啡(杏林湾商务中心11号楼店),餐饮服务;咖啡厅;咖啡厅,050500,杏林路518号杏林湾营运中心11号楼A座F1层,厦门市,集美区,118.066822,24.592557,"118.066822,24.592557",4000100100,福建省,B0JGCCLKMF
瑞幸咖啡(软件园三期C04店),餐饮服务;咖啡厅;咖啡厅,050500,315乡道396号,厦门市,集美区,118.038713,24.622132,"118.038713,24.622132",4000100100,福建省,B0J1AC6FRJ
瑞幸咖啡(软件园三期C08店),餐饮服务;餐饮相关场所;餐饮相关,050000,溪山尾路33号软件园三期C08栋一层大堂,厦门市,集美区,118.036099,24.621097,"118.036099,24.621097",4000100100,福建省,B0J05MU43F
瑞幸咖啡(软件园三期F05店),餐饮服务;咖啡厅;咖啡厅,050500,软件园三期F05店,厦门市,集美区,118.020762,24.609714,"118.020762,24.609714",4000100100,福建省,B0KKKHVY41
瑞幸咖啡(软件园三期金砖未来创新园店),餐饮服务;咖啡厅;咖啡厅,050500,后溪镇软件园三期诚毅北大街50号软件园三期203-01沿街底商,厦门市,集美区,118.045735,24.614785,"118.045735,24.614785",4000100100,福建省,B0KRR5W7GP
luckin coffee 瑞幸咖啡(国贸天悦店),餐饮服务;咖啡厅;咖啡厅,050500,国贸天悦1期东北1门旁,厦门市,集美区,118.051095,24.582803,"118.051095,24.582803",[],福建省,B0M6YXTN18
瑞幸咖啡(同安宝龙广场店),餐饮服务;咖啡厅;咖啡厅,050500,双溪大道路799号宝龙广场LG层水系广场058号,厦门市,同安区,118.165575,24.717092,"118.165575,24.717092",4000100100,福建省,B0IKU7A6W3
瑞幸咖啡(观音山信义国际中心店),餐饮服务;餐饮相关场所;餐饮相关,050000,莲前街道环岛东路3991号信义国际中心一层大堂,厦门市,思明区,118.196201,24.483035,"118.196201,24.483035",4000100100,福建省,B0KKKHQHUA
瑞幸咖啡(观音山商务区18号楼店),餐饮服务;餐饮相关场所;餐饮相关,050000,宜兰路7号世纪大厦一层大堂,厦门市,思明区,118.196125,24.488125,"118.196125,24.488125",4000100100,福建省,B0MGRHJOGY
瑞幸咖啡(厦门翔安西亭店),餐饮服务;咖啡厅;咖啡厅,050500,西坂西亭里1号1-101室底商,厦门市,翔安区,118.249313,24.641498,"118.249313,24.641498",4000100100,福建省,B0K39LIW46
luckin coffee 瑞幸咖啡(塘边宝龙天地店),餐饮服务;咖啡厅;咖啡厅,050500,塘边宝龙天地(塘边地铁站4B口步行130米),厦门市,湖里区,118.122978,24.506778,"118.122978,24.506778",[],福建省,B0MBA59KD1
瑞幸咖啡(观音山天瑞99商务中心店),餐饮服务;咖啡厅;咖啡厅,050500,花莲路11号鸿星尔克集团大厦一层大堂,厦门市,思明区,118.196925,24.485875,"118.196925,24.485875",4000100100,福建省,B0I13CUCMH
瑞幸咖啡(厦门集美大学月明楼店),餐饮服务;咖啡厅;咖啡厅,050500,集美大学月明楼店,厦门市,集美区,118.095369,24.584672,"118.095369,24.584672",4000100100,福建省,B0KKKHTT3L
瑞幸咖啡(灌口万达广场店),餐饮服务;咖啡厅;咖啡厅,050500,灌口镇石笔路6号万达广场二层2028号,厦门市,集美区,117.998775,24.610925,"117.998775,24.610925",4000100100,福建省,B0IAXS2GZ9
瑞幸咖啡(乐海广场店),餐饮服务;咖啡厅;咖啡厅,050500,祥平街道环城西路639号乐海城市广场F2层,厦门市,同安区,118.136152,24.720733,"118.136152,24.720733",4000100100,福建省,B0H6G6UCZ2
luckin coffee 瑞幸咖啡(厦门软件园三期C区店),餐饮服务;咖啡厅;咖啡厅,050500,珩圣西路软件园三期C10栋一层大堂,厦门市,集美区,118.035100,24.620939,"118.035100,24.620939",4000100100,福建省,B0LG2MKD55
瑞幸咖啡(同安闽篮广场店),餐饮服务;咖啡厅;咖啡厅,050500,湖里园78号闽篮广场一层101号,厦门市,同安区,118.123849,24.701051,"118.123849,24.701051",4000100100,福建省,B0J0D7PDAZ
luckincoffee瑞幸咖啡(海沧海投尚书房店),餐饮服务;咖啡厅;咖啡厅,050500,海投·尚书房,厦门市,海沧区,117.963432,24.528799,"117.963432,24.528799",4000100100,福建省,B0LGGL2LQ5
瑞幸咖啡(火炬新科广场店),餐饮服务;餐饮相关场所;餐饮相关,050000,火炬高新区新科广场1号楼一层109室,厦门市,翔安区,118.238547,24.641044,"118.238547,24.641044",4000100100,福建省,B0LBOCACTC
瑞幸咖啡(厦门大学翔安校区店),餐饮服务;咖啡厅;咖啡厅,050500,新店镇翔安南路厦门大学翔安校区学生公寓一期综合楼三层301之一,厦门市,翔安区,118.299701,24.604802,"118.299701,24.604802",4000100100,福建省,B0JK7SGVVU
瑞幸咖啡(厦门工学院店)(暂停营业),餐饮服务;咖啡厅;咖啡厅,050500,孙坂南路1251号厦门工学院图书馆一层,厦门市,集美区,118.065630,24.615300,"118.065630,24.615300",4000100100,福建省,B0HR3XJLZ9
瑞幸咖啡(厦门地铁觅光里店),餐饮服务;咖啡厅;咖啡厅,050500,滨海里1-114-2号特房觅光里底商,厦门市,翔安区,118.193082,24.664180,"118.193082,24.664180",4000100100,福建省,B0J22CT0QY
瑞幸咖啡(同安梧侣店),餐饮服务;咖啡厅;咖啡厅,050500,梧侣大店里467号梧侣商贸中心一层104号,厦门市,同安区,118.120779,24.693433,"118.120779,24.693433",4000100100,福建省,B0J2R5R9BN
瑞幸咖啡(同安芸溪国际店),餐饮服务;咖啡厅;咖啡厅,050500,瑞祥小区东北门旁,厦门市,同安区,118.139408,24.728566,"118.139408,24.728566",4000100100,福建省,B0K3YZZRHT
瑞幸咖啡(翔安数字经济产业园店),餐饮服务;咖啡厅;咖啡厅,050500,莲亭西路823号-104,厦门市,翔安区,118.229979,24.642810,"118.229979,24.642810",4000100100,福建省,B0I1CRELP8
瑞幸咖啡(翔安邻里中心店),餐饮服务;咖啡厅;咖啡厅,050500,西炉路600号翔安邻里商业中心一层A107号,厦门市,翔安区,118.202627,24.664237,"118.202627,24.664237",4000100100,福建省,B0JK4ZJMZL
luckin coffee 瑞幸咖啡(新霞东路店),餐饮服务;咖啡厅;咖啡厅,050500,新圩镇新霞东路10-101,厦门市,翔安区,118.256472,24.738590,"118.256472,24.738590",4000100100,福建省,B0L21GSMD6
瑞幸咖啡(华天涉外职业技术学院店)(暂停营业),餐饮服务;咖啡厅;咖啡厅,050500,洪钟大道5116号华天涉外职业技术学院实训楼B-C栋一层104和105号铺,厦门市,翔安区,118.248915,24.602068,"118.248915,24.602068",4000100100,福建省,B0JK7SIRK6
luckin coffee 瑞幸咖啡(恒亿尚品湾店),餐饮服务;咖啡厅;咖啡厅,050500,美溪道二里2-1号,厦门市,同安区,118.162775,24.644575,"118.162775,24.644575",13691703074,福建省,B0M6HM84N9
瑞幸咖啡(同安爱琴海购物公园店),餐饮服务;咖啡厅;咖啡厅,050500,智谷东一路99号厦门同安爱琴海购物中心F1层,厦门市,同安区,118.175104,24.661446,"118.175104,24.661446",4000100100,福建省,B0K3AZ30XI
瑞幸咖啡(翔安黎安小镇店),餐饮服务;咖啡厅;咖啡厅,050500,黎安小镇D区,厦门市,翔安区,118.244542,24.659477,"118.244542,24.659477",4000100100,福建省,B0KRJ1CB5L
luckin coffee 瑞幸咖啡(集美大学主校区店),餐饮服务;咖啡厅;咖啡厅,050500,银江路185-51号105室,厦门市,集美区,118.095479,24.585016,"118.095479,24.585016",4000100100,福建省,B0G2X1OWIY
瑞幸咖啡(同安官浔里商业街店),餐饮服务;咖啡厅;咖啡厅,050500,西柯镇西官浔561-1号,厦门市,同安区,118.144350,24.659140,"118.144350,24.659140",4000100100,福建省,B0KU7HB5HH
瑞幸咖啡(禹洲香溪里店),餐饮服务;咖啡厅;咖啡厅,050500,五显镇五秀四里19-101号103室,厦门市,同安区,118.170931,24.747552,"118.170931,24.747552",[],福建省,B0MAPSWDNR
瑞幸咖啡(中航城国际社区C区店),餐饮服务;咖啡厅;咖啡厅,050500,九天湖路44号,厦门市,集美区,118.048688,24.594819,"118.048688,24.594819",4000100100,福建省,B0K067290H
瑞幸咖啡(厦门大学翔安校区思源餐厅店),餐饮服务;咖啡厅;咖啡厅,050500,厦门大学翔安校区思源餐厅店,厦门市,翔安区,118.308907,24.611717,"118.308907,24.611717",4000100100,福建省,B0KUGLQM4E
luckin coffee 瑞幸咖啡(西洪塘店),餐饮服务;咖啡厅;咖啡厅,050500,西洪塘5-105,厦门市,同安区,118.135420,24.700758,"118.135420,24.700758",[],福建省,B0L0DXOEF6
瑞幸咖啡(水晶湖郡滨水四里店),餐饮服务;咖啡厅;咖啡厅,050500,滨水四里144-102号,厦门市,集美区,118.090689,24.590478,"118.090689,24.590478",[],福建省,B0MA9UAYS8
瑞幸咖啡(新景舜弘现代城店),餐饮服务;咖啡厅;咖啡厅,050500,梧侣路1707号舜弘现代城1层108号店铺,厦门市,同安区,118.140677,24.689874,"118.140677,24.689874",4000100100,福建省,B0KGCZYDOV
luckin coffee 瑞幸咖啡(马巷街店),餐饮服务;餐饮相关场所;餐饮相关,050000,马巷街320号,厦门市,翔安区,118.250691,24.659332,"118.250691,24.659332",[],福建省,B0KB6S9Q9V
瑞幸咖啡(灌口纳德福美食广场店),餐饮服务;餐饮相关场所;餐饮相关,050000,灌口黄庄三里60-243号乐活小镇,厦门市,集美区,117.984886,24.600235,"117.984886,24.600235",4000100100,福建省,B0K3MOSNTX
瑞幸咖啡(同安夏商钟楼店),餐饮服务;咖啡厅;咖啡厅,050500,大同街道三秀南里7-24号,厦门市,同安区,118.152059,24.731061,"118.152059,24.731061",4000100100,福建省,B0G3FUKJ34
瑞幸咖啡(翔安创新创业创造中心店),餐饮服务;咖啡厅;咖啡厅,050500,鸿翔西路1888号翔安创新创业创造中心一层大堂,厦门市,翔安区,118.240982,24.577535,"118.240982,24.577535",4000100100,福建省,B0JK4ZKWNU
瑞幸咖啡(厦门中国人寿大厦店),餐饮服务;咖啡厅;咖啡厅,050500,中国人寿大厦,厦门市,同安区,118.144543,24.729681,"118.144543,24.729681",4000100100,福建省,B0KKKHT5UX
瑞幸咖啡(厦门大学翔安校区竞丰餐厅店),餐饮服务;咖啡厅;咖啡厅,050500,新店镇翔安南路厦门大学翔安校区学生公寓一期综合楼三层301之一,厦门市,翔安区,118.317198,24.610738,"118.317198,24.610738",4000100100,福建省,B0HG0O3KB1
瑞幸咖啡(翔安商业广场一期店),餐饮服务;咖啡厅;咖啡厅,050500,马巷镇翔安东路9888号翔安商业广场,厦门市,翔安区,118.252871,24.663061,"118.252871,24.663061",4000100100,福建省,B0K13O8KT8
瑞幸咖啡(厦门东海职业技术学院店),餐饮服务;咖啡厅;咖啡厅,050500,五显中路与五星北路交叉口东南140米,厦门市,同安区,118.173987,24.745786,"118.173987,24.745786",4000100100,福建省,B0K3FUQLIK
luckin coffee 瑞幸咖啡(同安城南店),餐饮服务;咖啡厅;咖啡厅,050500,阳翟西亭里3-104号,厦门市,同安区,118.147318,24.715960,"118.147318,24.715960",13554871054,福建省,B0M66A9ZWN
luckin coffee 瑞幸咖啡(厦门韬瑞广场·拾尚里店),餐饮服务;咖啡厅;咖啡厅,050500,禾山街道韬瑞广场·拾尚里928-315-1商铺,厦门市,湖里区,118.155130,24.521788,"118.155130,24.521788",[],福建省,B0LG278IHI
瑞幸咖啡(杏林湾商务中心6号楼店),餐饮服务;咖啡厅;咖啡厅,050500,杏林湾路480号杏林湾营运中心6号楼二层204号铺,厦门市,集美区,118.064254,24.593480,"118.064254,24.593480",4000100100,福建省,B0IUR5QEEP
luckin coffee 瑞幸咖啡(洪钟大道店),餐饮服务;咖啡厅;咖啡厅,050500,洪钟大道5091-1-101号,厦门市,翔安区,118.247406,24.603611,"118.247406,24.603611",[],福建省,B0L3JDDSJZ
瑞幸咖啡(大嶝东路8-102),餐饮服务;咖啡厅;咖啡厅,050500,大嶝东路8-102,厦门市,翔安区,118.334256,24.562493,"118.334256,24.562493",13554984113,福建省,B0MGJRDL2I
luckin coffee 瑞幸咖啡(厦门软件园3期F12栋店),餐饮服务;咖啡厅;咖啡厅,050500,集美北大道1116号大堂01单元,厦门市,集美区,118.017125,24.607675,"118.017125,24.607675",[],福建省,B0MB6HNAVC
luckin coffee 瑞幸咖啡(软件园三期F12店),餐饮服务;咖啡厅;咖啡厅,050500,锦园南路315乡,厦门市,集美区,118.017114,24.607654,"118.017114,24.607654",13554863747,福建省,B0MGHOU07P
luckin coffee 瑞幸咖啡(火炬翔安产业区店),餐饮服务;咖啡厅;咖啡厅,050500,西亭路与万家春路交叉口西200米,厦门市,翔安区,118.207099,24.636355,"118.207099,24.636355",[],福建省,B0K2CH14PG
瑞幸咖啡有限公司,公司企业;公司;公司,170200,塔埔东路169号2层201单元L室,厦门市,思明区,118.193418,24.492250,"118.193418,24.492250",[],福建省,B0L6SD4311
luckin coffee瑞幸咖啡(厦门创新产业园)(建设中),商务住宅;产业园区;产业园区,120100,东孚西路与一农路交叉口西南240米,厦门市,海沧区,117.940914,24.530857,"117.940914,24.530857",[],福建省,B0LU3M87LB
瑞辛咖啡(厦门国际银行大厦店),餐饮服务;咖啡厅;咖啡厅,050500,鹭江道8号厦门国际银行大厦F3层,厦门市,思明区,118.076047,24.452357,"118.076047,24.452357",[],福建省,B0FFJ454K5
瑞幸咖啡食品(厦门)有限公司,公司企业;公司;公司,170200,霞阳南路9-1新阳大厦,厦门市,海沧区,118.013493,24.531835,"118.013493,24.531835",[],福建省,B0KGA5OER3
瑞幸咖啡食品(厦门)有限公司,公司企业;公司企业;公司企业,170000,一农路与东孚西路交叉口东南160米,厦门市,海沧区,117.942573,24.531343,"117.942573,24.531343",[],福建省,B0MAPCWXP1
